Weight_Norm,Weight_AbsMean,Weight_StdDev,Weight_Max,Weight_Min,Epoch,Loss,Train_Loss,Win_Rate,Learning_Rate
1.5362042123856752,0.041099617617083306,0.036097658975252314,4.641842842102051,0.0,8,0.23594627985358238,0.23594627985358238,0.5333333333333333,1e-05
